Indonesia,79,Annamarie Aizikovitch
China,68,Bary Seller
China,19,Raimondo Tollett
Poland,16,Paddie Kynton
Brazil,54,Cecily Gittose
Thailand,15,Saree Woolfoot
China,70,Maison Keyhoe
North Korea,27,Courtnay Soares
Macedonia,45,Sherman Chasmor
Russia,61,Leticia Driuzzi
Greece,40,Isador Gouldeby
Sweden,65,Sonny Quinby
Syria,21,Meaghan Elmes
Russia,61,Kati Hens
Canada,45,Elyssa Rominov
Philippines,21,Lebbie Hengoed
Equatorial Guinea,42,Aurore Blindermann
France,49,Frances Attwool
Indonesia,58,Maure Himsworth
Philippines,68,Aloysia Pele
Colombia,47,Raoul Janous
France,16,Danella Cohn
Brazil,46,Westleigh Rockcliffe
Macedonia,38,Fawne Roantree
Sweden,58,Nora Carletto
Portugal,45,Farlay Bolino
Venezuela,57,Zechariah Caldera
Indonesia,25,Jacenta Konneke
Indonesia,28,Thorn Streak
Egypt,18,Claudell Bertlin
Japan,82,Ade Normand
Philippines,44,Blakelee Aloshikin
Portugal,47,Renado Langdon
China,54,Anjela Roskelly
Brazil,51,Verge Bleakley
Argentina,16,Aleta Greve
Slovenia,19,Welsh Brito
Ukraine,84,Pace Erb
Malaysia,21,Auberta Szubert
Ukraine,81,Waring Corkhill
Poland,71,Kori Bowerbank
France,50,Justine Goodhall
Uganda,20,Cross Bucktrout
China,56,Mikol Sillito
Finland,66,Merla Maddie
China,19,Adeline Haxley
China,82,Lynda Myner
Haiti,74,Aggi Satterlee
South Africa,25,Base Maclaine
Reunion,27,Gage Alenov
Brazil,64,Olag Kettell
Russia,39,Alanson Ecclestone
Russia,83,Kerianne Surmeyer
China,42,Nadiya Quadri
Malaysia,73,Kasey Esseby
Tunisia,52,Hetti Smallcombe
Russia,23,Bree Carnall
Philippines,45,Stanislas Rouf
Argentina,16,Anneliese Connechie
Indonesia,52,Ediva Fausset
Argentina,34,Wendell Dallin
Lithuania,44,Debby Cowdrey
Poland,17,Wendy Enston
Russia,57,Gertie Salthouse
Malaysia,24,Astra Gooble
South Africa,30,Holli Hansen
Colombia,36,Lark Schubert
Russia,35,Olivia Gavozzi
Portugal,84,Rolland Hoggins
Thailand,58,Morly Maunsell
China,21,Sutherland Symper
France,83,Paulie O'Kinedy
Brazil,34,Albertina Bogace
Poland,47,Wiley Formigli
Poland,36,Carry Horribine
Bulgaria,39,Phineas Ousby
Philippines,82,Joice Magrannell
Indonesia,33,Antonin Scad
China,60,Arnaldo Agostini
Brazil,40,Aubert Wayon
Russia,49,Elvera Colchett
China,47,Adriaens Aires
Niger,37,Allis Cackett
Ukraine,34,Zachary Luckes
Tunisia,79,Bob Wellings
Indonesia,15,Sheri Wedon
Sri Lanka,75,Terrence Mapes
Poland,63,Emmeline Milner
Russia,78,Callida Bertomeu
Greece,52,Darby Calafate
Thailand,50,Adolphus Werrett
Russia,69,Vachel Lejeune
Ukraine,43,Frans Leatherborrow
Indonesia,82,Jarrid Bulteel
Slovenia,81,Kip Johnsee
China,69,Tandi Mesant
Iran,20,Maureene Wicken
Russia,33,Kev Ivie
Sierra Leone,52,Stan Eccles
Palau,81,Othello Bullan
Indonesia,17,Rollin Shortin
China,25,Erhart Corain
Germany,31,Ruttger Costigan
Venezuela,22,Kelvin Robus
Greece,34,Reynard Ollenbuttel
Philippines,57,Lorilyn Capaldo
China,57,Gayelord Holdron
Nigeria,32,Taber Clac
Vietnam,26,Zandra Mountfort
Czech Republic,18,Genevieve D'Alessio
Portugal,70,Joyce Kilmurray
Brazil,52,Abeu Bennough
Guyana,70,Drusy Derrington
China,75,Daphna Caveau
China,38,Garey Marran
United States,39,Noelyn Bilton
Indonesia,56,Jolynn Goford
China,73,Sadella Mougenel
Indonesia,84,Langston Jaggar
Micronesia,56,Melisent Kilgannon
Russia,59,Essa Gravey
Russia,47,Suki Albrook
Thailand,84,Edgard Methley
Kuwait,71,Barbaraanne Sate
Peru,32,Myrna Plumptre
France,32,Maren Foxen
Brazil,16,Arnaldo Matczak
Indonesia,47,Wallie Dunkerley
Greece,67,Beltran Pygott
China,34,Ottilie Buttrick
Indonesia,35,Cynthea Deeble
Brazil,78,Ellsworth Mandifield
China,40,Teodoro Sowrey
Portugal,54,Scottie Kember
Peru,25,Jami Gregson
Mauritius,74,Sheba Spadollini
China,55,Fayre Weeks
Canada,30,Vinny Dockrey
Finland,83,Nelle Hares
Indonesia,45,Kristal Walkinshaw
Greece,22,Gerrie Banker
Zimbabwe,82,Suzy Partkya
Kazakhstan,79,Melisandra Charpling
Reunion,74,Olin Kimblin
Nigeria,76,Lanie Nortunen
Russia,60,Jobye Delve
China,71,Ginelle Arrighi
France,26,Chico Grosvenor
Sri Lanka,39,Federica Grennan
Brazil,78,Caspar Kettlesting
